AskedPrice,FinalPrice,Surface,Room number,Sold date
2275000,2300000,54.5,2,2016-06-07,
3595000,4000000,78.3,3,2016-06-03,
2495000,2500000,56.5,2,2016-05-31,
13500000,13500000,195,5,2016-05-31,
2175000,2300000,57.7,2,2016-05-30,
2395000,2450000,61.1,2,2016-05-30,
5950000,6300000,144,5,2016-05-28,
8950000,9800000,160,6,2016-05-28,
3495000,3700000,89,4,2016-05-27,
2495000,2495000,51,2,2016-05-27,
2995000,2995000,75.5,3,2016-05-27,
10950000,13600000,187,5,2016-05-27,
8400000,8400000,NaN, ,2016-05-27,
1875000,2230000,36.1,1.5,2016-05-26,
1950000,2000000,40.3,1,2016-05-26,
2950000,2950000,63,2,2016-05-24,
2850000,3025000,75.5,3,2016-05-24,
5650000,5850000,95,3,2016-05-24,
2995000,3100000,78,4,2016-05-23,
6350000,6500000,95,3,2016-05-22,
3750000,3550000,77,4,2016-05-20,
13900000,14500000,183,6,2016-05-20,
2350000,2475000,69.5,3,2016-05-20,
8450000,9100000,148,6,2016-05-19,
4795000,4900000,75,4,2016-05-19,
3195000,3350000,52.9,2,2016-05-19,
3690000,4100000,61.3,2,2016-05-18,
8950000,9380000,159,6,2016-05-18,
3475000,3650000,91.3,4,2016-05-18,
2150000,2200000,33,1.5,2016-05-18,
2995000,3200000,72,3,2016-05-17,
3495000,3500000,69.5,3,2016-05-17,
2800000,2860000,54.5,2,2016-05-15,
3975000,4550000,98,4,2016-05-14,
7500000,7500000,137,6,2016-05-13,
9750000,9750000,176,7,2016-05-13,
5975000,6800000,112.5,4,2016-05-13,
2150000,2530000,30,1,2016-05-11,
3250000,3650000,79,3,2016-05-11,
8750000,9500000,121,5,2016-05-11,
2750000,2950000,69.5,3,2016-05-10,
2200000,2400000,64.5,2,2016-05-09,
2250000,2100000,NaN,NaN,2016-05-09,
9450000,9500000,180,7,2016-05-06,
3250000,3900000,78,3,2016-05-06,
7950000,8500000,109,3,2016-05-05,
3100000,3325000,74,3,2016-05-04,
9500000,9400000,160,5,2016-05-04,
2995000,3200000,78,4,2016-05-04,
2490000,2650000,62,2,2016-05-03,
2495000,2720000,68,2,2016-05-03,
2995000,3250000,74,3.5,2016-05-03,
2495000,2610000,69.5,3,2016-05-03,
3195000,3580000,55,2,2016-05-03,
2575000,2575000,41,1,2016-05-02,
6600000,7470000,87,3,2016-04-29,
7500000,8350000,127,6,2016-04-27,
6250000,7200000,107,5,2016-04-27,
7950000,9600000,145,7,2016-04-27,
5450000,5550000,131,5,2016-04-23,
2850000,3000000,72,3,2016-04-22,
7300000,7500000,103,5,2016-04-22,
3500000,3500000,64.4,3,2016-04-22,
2250000,2550000,37,1,2016-04-20,
3250000,3590000,78.4,4,2016-04-20,
1290000,1730000,19,1,2016-04-19,
2475000,2700000,56,2,2016-04-19,
6250000,7800000,112.5,4,2016-04-19,
7300000,7300000,107,4,2016-04-15,
6950000,7700000,133,6,2016-04-14,
2950000,3600000,69.5,3,2016-04-13,
3995000,3995000,62,2,2016-04-13,
3560000,3560000,58.1,2,2016-04-13,
4050000,4300000,64,2,2016-04-12,
1695000,2100000,36.1,1,2016-04-12,
2450000,2800000,67,3,2016-04-11,
9250000,10150000,138,5,2016-04-11,
3695000,3900000,75.5,3,2016-04-09,
2995000,3000000,72,3,2016-04-08,
3195000,3700000,78,3,2016-04-08,
2350000,2500000,64.6,2,2016-04-08,
2395000,2550000,58,2,2016-04-07,
2000000,2120000,32,2,2016-04-07,
4750000,5350000,73.6,3,2016-04-07,
6950000,7500000,99,5,2016-04-07,
6495000,6495000,86,3,2016-04-06,
2950000,3400000,56.5,2,2016-04-06,
1950000,2530000,36.6,1,2016-04-05,
1995000,2150000,33,1.5,2016-04-05,
2495000,2800000,62,2,2016-04-04,
2000000,2200000,51,2,2016-04-02,
1895000,2300000,29,1,2016-04-01,
2950000,3425000,54,2,2016-03-31,
2150000,2700000,40,2,2016-03-30,
2350000,2550000,58.5,2,2016-03-29,
3500000,3300000,77,3,2016-03-29,
3195000,3375000,77,3,2016-03-27,
3500000,4000000,69,3,2016-03-24,
2695000,3030000,61,2,2016-03-24,
4250000,4500000,98,4,2016-03-24,
2795000,3505000,74,3,2016-03-24,
3050000,3400000,56,2,2016-03-23,
2895000,2900000,77,3,2016-03-23,
3995000,3995000,64,2,2016-03-23,
2890000,3050000,62.5,2,2016-03-22,
2995000,4150000,71,3,2016-03-22,
1995000,2400000,24.6,1,2016-03-22,
1895000,1900000,28,1,2016-03-21,
7500000,7960000,134,6,2016-03-21,
5995000,7900000,112.5,4,2016-03-20,
2950000,3200000,53,2,2016-03-18,
2995000,3000000,54.5,2,2016-03-18,
15950000,16700000,280,9,2016-03-18,
6800000,8850000,132,5,2016-03-17,
9750000,9550000,181,7,2016-03-16,
2395000,2350000,58,2,2016-03-16,
2295000,2150000,42,2,2016-03-16,
4750000,4750000,85,4,2016-03-16,
4850000,6325000,NaN,NaN,2016-03-15,
1700000,1700000,18,1,2016-03-14,
2295000,2200000,54,2,2016-03-12,
10500000,13100000,195,7,2016-03-12,
13250000,12200000,196,6,2016-03-11,
2750000,3200000,74,3,2016-03-11,
6675000,8000000,132,5,2016-03-10,
9995000,11550000,207,6,2016-03-10,
2650000,3210000,78.1,3,2016-03-09,
2995000,3200000,78,4,2016-03-04,
3350000,3950000,78,3,2016-03-03,
3100000,3100000,60,2,2016-03-03,
2500000,2500000,48,2,2016-03-03,
1750000,1900000,26,1,2016-03-02,
2495000,2770000,60,2,2016-03-01,
3450000,3600000,63.9,3,2016-02-29,
3195000,3100000,79,3,2016-02-26,
2050000,2300000,39,1,2016-02-26,
6450000,8000000,155,7,2016-02-25,
3095000,3240000,71,3,2016-02-25,
3750000,4400000,81,3,2016-02-25,
4995000,5850000,91.5,4,2016-02-24,
2975000,4100000,69.5,3,2016-02-24,
1950000,1975000,31,2,2016-02-24,
1850000,2500000,62.9,2,2016-02-24,
2495000,2500000,48,1.5,2016-02-24,
1350000,1835000,33,1,2016-02-23,
1950000,2300000,37.5,1.5,2016-02-23,
2695000,3055000,60,2,2016-02-23,
5950000,6500000,112.5,4,2016-02-23,
2995000,3100000,52,2,2016-02-23,
1875000,2100000,33,1,2016-02-19,
10200000,11200000,158,7,2016-02-18,
1750000,1950000,26,1,2016-02-17,
3500000,3500000,70,4,2016-02-16,
5400000,5525000,103,4,2016-02-14,
2650000,2770000,69.5,3,2016-02-13,
2475000,2700000,60,2,2016-02-12,
1250000,1220000,16,1,2016-02-11,
1995000,2360000,37,1,2016-02-10,
2195000,2700000,49,2,2016-02-10,
2750000,2900000,78.1,3,2016-02-08,
2825000,2700000,69.5,3,2016-02-07,
11800000,14400000,176,7,2016-02-06,
2750000,3170000,49,2,2016-02-05,
1950000,2010000,39.5,1,2016-02-05,
2995000,3410000,74,3,2016-02-04,
10200000,10200000,171.5,6,2016-02-03,
2690000,2850000,62.9,2,2016-02-02,
2650000,2800000,59,2,2016-02-01,
2195000,2350000,42,2,2016-01-31,
1950000,1970000,44,1,2016-01-31,
7200000,7400000,137,4,2016-01-29,
1890000,2185000,30,1,2016-01-29,
5395000,5300000,120,4,2016-01-29,
995000,1555000,22,1,2016-01-28,
2495000,2800000,78.1,3,2016-01-28,
3295000,3150000,91.3,4,2016-01-28,
2495000,2495000,68,2,2016-01-28,
7200000,8500000,111,5,2016-01-28,
2795000,3150000,64.6,3,2016-01-27,
2350000,2500000,47,2,2016-01-27,
2995000,3070000,72,3,2016-01-27,
2595000,2595000,64,2,2016-01-26,
10850000,12000000,234,8,2016-01-26,
3400000,3400000,78,3,2016-01-26,
3575000,4200000,82,3,2016-01-26,
4495000,5000000,102,5,2016-01-25,
4650000,4800000,80,3,2016-01-23,
2850000,3150000,71,3,2016-01-23,
6950000,7250000,118,5,2016-01-23,
9250000,9250000,121,6,2016-01-23,
3050000,3100000,78.3,3,2016-01-22,
2475000,2800000,73.5,3,2016-01-21,
1750000,1920000,31.5,1,2016-01-21,
2495000,2750000,60,2,2016-01-21,
3950000,4125000,78.7,3,2016-01-21,
2650000,3050000,59.5,2,2016-01-21,
2500000,2500000,58,2,2016-01-21,
2195000,2300000,42,2,2016-01-20,
1975000,2500000,40.3,1,2016-01-20,
2795000,3225000,61,2,2016-01-20,
2495000,2550000,66,3,2016-01-20,
3495000,3600000,91,4,2016-01-19,
2295000,2475000,59,2,2016-01-19,
2925000,3200000,53,2,2016-01-18,
1875000,2050000,32,1,2016-01-18,
1750000,1820000,36,1,2016-01-15,
2795000,2700000,59,3,2016-01-15,
2700000,2835000,69.5,3,2016-01-15,
6150000,6150000,126,5,2016-01-15,
2950000,3350000,78.6,3,2016-01-15,
1750000,2300000,34.5,1,2016-01-14,
2795000,3150000,78.5,3,2016-01-14,
2590000,3000000,59,2,2016-01-14,
6495000,7120000,110.8,5,2016-01-14,
1895000,2200000,40.3,1,2016-01-13,
4295000,5250000,116,4,2016-01-13,
2350000,2550000,41,2,2016-01-11,
1295000,1650000,20,1,2016-01-09,
5750000,5900000,125,5,2016-01-08,
1975000,2550000,58.7,2,2016-01-07,
7500000,7900000,128.5,5,2015-12-22,
2750000,2950000,69.5,3,2015-12-21,
2850000,2925000,71,2,2015-12-14,
2795000,2990000,78.1,3,2015-12-12,
3350000,3875000,98,4,2015-12-11,
3175000,3500000,79,3,2015-12-11,
2400000,2785000,52,2,2015-12-10,
1990000,2485000,47,2,2015-12-08,
1775000,2310000,29,1,2015-12-08,
1895000,2230000,40.3,1,2015-12-08,
5450000,5500000,103,4,2015-12-07,
8200000,8800000,125,6,2015-12-06,
12000000,12000000,204,7,2015-12-06,
2895000,3000000,73,3,2015-12-05,
8000000,8350000,NaN,NaN,2015-12-05,
1995000,2400000,49,2,2015-12-04,
1695000,1695000,36,1,2015-12-04,
1990000,2225000,57,2,2015-12-03,
6150000,7025000,113,5,2015-12-03,
2795000,3250000,81.2,3,2015-12-03,
NaN,2655000,47,2,2015-12-03,
1895000,2560000,64.6,2,2015-12-02,
6450000,6200000,113,5,2015-12-02,
2950000,3350000,53,2,2015-12-01,
2495000,2515000,67,3,2015-12-01,
1975000,2370000,35.5,2,2015-11-30,
5650000,5450000,105,3,2015-11-30,
2195000,2600000,63,2,2015-11-30,
5800000,6500000,113,5,2015-11-30,
3850000,3900000,65,2,2015-11-27,
1450000,1720000,36.1,1,2015-11-26,
1495000,1625000,28,1,2015-11-26,
3850000,4400000,99,4,2015-11-26,
1995000,2500000,38.5,1,2015-11-26,
3975000,4850000,80,3,2015-11-25,
2595000,2600000,72.2,3,2015-11-25,
1995000,1995000,58,2,2015-11-24,
4375000,4450000,83,3,2015-11-23,
5600000,5600000,95,3,2015-11-23,
2950000,3050000,78,3,2015-11-20,
2700000,2660000,61,2,2015-11-20,
2495000,2600000,65,2,2015-11-20,
13250000,13600000,190,7,2015-11-20,
8575000,9250000,179,7,2015-11-18,
3950000,4700000,97.6,4,2015-11-18,
3290000,3250000,54,2,2015-11-18,
2700000,2900000,69.5,3,2015-11-17,
3195000,3325000,63.5,2,2015-11-13,
2595000,2925000,36.9,2,2015-11-13,
2750000,2900000,78,3,2015-11-13,
1950000,2050000,32,1,2015-11-12,
6250000,7475000,125,5,2015-11-12,
2820000,3000000,69.5,3,2015-11-11,
1595000,1965000,41.7,1,2015-11-11,
2795000,2795000,73.5,3,2015-11-11,
2700000,2700000,69.5,3,2015-11-10,
3795000,4070000,80,3,2015-11-10,
2950000,3200000,50,3,2015-11-10,
1495000,1820000,40.3,1,2015-11-08,
5600000,5860000,99,4,2015-11-08,
4700000,5150000,95,4,2015-11-07,
2395000,2850000,47,2,2015-11-07,
2950000,2900000,72,3,2015-11-06,
7950000,8700000,152,7,2015-11-06,
4200000,4600000,71,3.5,2015-11-06,
3995000,4300000,60,2,2015-11-06,
11500000,10600000,216,9,2015-11-06,
2995000,2995000,61,2,2015-11-05,
3950000,4535000,63,2,2015-11-05,
2750000,2850000,78,4,2015-11-04,
2700000,3320000,75,3,2015-11-04,
1995000,2300000,64.3,2,2015-11-04,
2550000,3050000,70,3,2015-11-03,
4495000,4900000,87,4,2015-11-03,
1850000,2500000,34.5,1.5,2015-11-02,
2750000,3000000,63,3,2015-11-01,
2500000,2850000,63,2,2015-10-31,
5900000,5960000,50,3,2015-10-31,
2500000,2500000,52,2,2015-10-30,
3150000,3300000,53,2,2015-10-30,
2650000,3100000,59.5,2,2015-10-29,
1695000,2250000,30,1,2015-10-29,
2495000,2650000,46,2,2015-10-28,
3650000,4950000,87,4,2015-10-27,
1995000,2350000,36,1,2015-10-27,
8500000,8370000,169,5,2015-10-27,
2950000,2800000,72.2,2,2015-10-26,
9800000,9450000,126,5,2015-10-26,
2650000,2800000,69.5,3,2015-10-26,
8950000,8210000,152,7,2015-10-26,
5950000,6430000,120,6,2015-10-25,
2150000,2650000,41,2,2015-10-23,
2895000,2945000,72.7,3,2015-10-23,
1995000,1950000,48,2,2015-10-23,
4400000,5060000,110,4,2015-10-22,
2950000,3475000,55,2,2015-10-22,
8995000,8995000,123,4,2015-10-21,
1995000,2265000,54.5,2,2015-10-21,
2490000,2700000,68,2,2015-10-19,
1525000,2170000,28,1,2015-10-19,
2195000,2500000,44,2,2015-10-19,
2650000,2950000,61,2,2015-10-17,
4495000,4600000,125.5,5,2015-10-16,
5450000,5550000,84,3,2015-10-16,
1495000,1980000,29,1,2015-10-16,
6950000,8125000,125,6,2015-10-16,
8625000,8600000,195,7,2015-10-15,
5450000,5450000,140,6,2015-10-15,
2095000,2375000,64.6,2,2015-10-15,
2175000,2435000,60.5,2,2015-10-15,
3950000,4780000,97,4,2015-10-14,
2795000,3100000,59,2,2015-10-14,
2695000,3420000,45.5,2,2015-10-14,
3295000,3400000,74,4,2015-10-13,
2850000,3300000,55,2,2015-10-13,
6250000,6350000,119,5,2015-10-13,
5950000,6400000,127,6,2015-10-12,
2475000,2825000,78.1,3,2015-10-12,
3450000,3500000,63.5,2,2015-10-09,
11150000,11150000,157,6,2015-10-08,
5750000,6000000,124,5,2015-10-07,
2495000,2750000,26,3,2015-10-07,
3550000,4250000,103.5,4,2015-10-07,
1850000,2410000,37,1,2015-10-06,
2350000,2570000,60,2,2015-10-05,
2595000,2775000,55,2,2015-10-05,
3100000,3100000,69,2,2015-10-05,
4200000,4100000,103,4,2015-10-05,
1595000,2000000,31.5,1,2015-10-05,
12900000,12100000,214,9,2015-10-04,
5475000,6700000,109,4,2015-10-02,
8200000,8020000,178.1,7,2015-10-02,
3150000,3325000,77,3,2015-10-02,
3175000,3480000,69,3,2015-10-02,
2650000,2960000,72,3,2015-10-01,
2795000,2970000,73.5,3,2015-10-01,
1995000,2450000,57.7,2,2015-10-01,
2495000,3220000,50,2,2015-09-30,
3750000,4370000,93.5,4,2015-09-30,
7350000,8900000,121,4,2015-09-30,
1595000,1700000,40.3,1,2015-09-29,
1995000,2520000,41,2,2015-09-29,
1995000,2560000,36,1,2015-09-29,
2950000,3140000,58,2,2015-09-26,
2975000,3270000,52,2,2015-09-26,
2475000,2755000,69.5,3,2015-09-25,
2495000,3100000,43.8,2,2015-09-25,
9650000,9650000,132,4,2015-09-25,
2595000,2900000,57,2,2015-09-25,
3195000,3395000,71,3,2015-09-25,
2995000,3610000,62,3,2015-09-24,
6750000,7250000,102,4,2015-09-23,
2795000,3500000,63,3,2015-09-23,
5700000,4460000,39,4,2015-09-23,
8500000,9200000,178,8,2015-09-22,
1700000,1990000,39.5,1,2015-09-22,
3495000,4100000,88.4,3,2015-09-22,
1995000,2410000,41,1,2015-09-22,
1995000,2460000,41,1,2015-09-22,
8300000,8000000,213,6,2015-09-18,
5200000,5535000,104,4,2015-09-18,
7950000,8700000,180,5,2015-09-17,
11200000,11200000,211,8,2015-09-17,
1475000,1870000,26,1,2015-09-16,
2095000,2980000,59,3,2015-09-16,
2595000,2980000,78,4,2015-09-16,
6995000,7075000,90,3,2015-09-16,
2550000,2850000,67,2.5,2015-09-16,
1990000,2400000,34,1.5,2015-09-16,
2500000,2840000,68,2,2015-09-16,
2650000,2900000,74,3,2015-09-16,
2700000,2700000,53,2,2015-09-14,
6100000,6800000,130,6,2015-09-14,
9900000,9900000,127,5,2015-09-14,
2795000,2800000,59,3,2015-09-13,
6550000,6750000,70,5,2015-09-11,
5200000,5600000,118,4,2015-09-11,
8950000,9025000,150,5,2015-09-10,
5950000,6100000,104,5,2015-09-10,
6150000,6500000,104,3,2015-09-10,
8450000,8200000,150,6,2015-09-10,
7950000,7950000,145,6,2015-09-09,
1750000,2060000,29,2,2015-09-09,
2895000,3750000,88.5,4,2015-09-09,
3350000,3100000,92.8,4,2015-09-09,
3995000,4250000,77.5,3,2015-09-09,
2650000,2800000,82,4,2015-09-09,
2750000,3900000,78.6,4,2015-09-08,
2495000,2495000,59,2,2015-09-08,
2795000,2795000,61,3,2015-09-07,
2750000,2950000,78,5,2015-09-06,
1425000,1650000,25.5,1,2015-09-06,
13900000,14000000,158,6,2015-09-05,
9950000,11900000,173,8,2015-09-05,
3350000,3450000,74.5,3,2015-09-04,
1795000,1800000,38.9,1,2015-09-04,
2775000,3100000,72,3,2015-09-04,
3495000,3600000,75,3,2015-09-04,
2650000,3050000,72,3,2015-09-04,
2195000,2600000,53.5,2,2015-09-04,
4230000,4230000,70.7,3,2015-09-04,
3295000,3545000,63.9,3,2015-09-04,
1950000,2385000,35,1,2015-09-03,
6450000,7030000,120,5,2015-09-03,
4200000,4580000,83,3,2015-09-03,
1375000,1650000,26.3,1,2015-09-03,
2850000,3550000,52,2,2015-09-02,
2475000,2900000,69.5,3,2015-09-01,
1790000,2250000,41,1,2015-09-01,
2950000,3075000,78.3,3,2015-09-01,
3975000,4800000,101.7,4,2015-09-01,
1790000,2350000,41,1,2015-08-31,
3875000,5000000,82,3,2015-08-31,
1750000,2030000,36.1,1,2015-08-29,
2450000,2850000,69.5,3,2015-08-27,
3650000,4050000,94.5,4,2015-08-26,
2950000,3600000,64,2,2015-08-26,
2650000,3010000,74,3,2015-08-26,
3295000,3185000,74,3,2015-08-25,
3050000,3450000,78.4,3,2015-08-23,
2725000,3000000,46,2,2015-08-21,
1850000,2040000,32.3,1,2015-08-20,
3995000,4230000,91,4,2015-08-20,
2695000,2720000,63,3,2015-08-19,
2495000,2985000,63.3,2,2015-08-18,
2795000,3650000,78.5,3,2015-08-18,
2995000,3910000,77.5,4,2015-08-18,
2495000,2770000,48,1.5,2015-08-18,
6490000,7000000,96,4,2015-08-18,
2950000,3450000,56,3,2015-08-16,
2895000,3350000,53.5,2,2015-08-14,
6000000,6900000,NaN,NaN,2015-08-14,
1975000,2260000,36,2,2015-08-13,
1695000,2075000,39,1.5,2015-08-13,
2995000,3300000,77.9,3,2015-08-12,
1795000,2125000,31.6,1,2015-08-12,
3650000,4050000,77,4,2015-08-12,
2695000,3010000,46,2,2015-08-12,
1650000,1900000,31.5,1,2015-08-12,
1595000,2150000,31,1,2015-08-12,
2195000,2515000,64.6,2,2015-08-12,
2795000,3360000,56,2,2015-08-11,
1795000,1950000,39,1,2015-08-11,
7495000,7495000,104,4,2015-08-11,
6250000,6250000,85,3,2015-08-10,
1650000,1950000,34.5,1,2015-08-05,
2475000,3000000,69.5,3,2015-08-04,
1995000,2250000,57.7,2,2015-07-31,
1995000,2380000,59.5,2,2015-07-28,
4750000,4650000,78,2,2015-07-19,
2450000,3000000,69.5,3,2015-07-08,
2295000,2405000,63,2,2015-07-03,
5995000,5995000,104,4,2015-07-02,
1675000,2000000,38.9,1,2015-07-01,
3500000,3760000,62,3,2015-07-01,
50000000,47000000,250,10,2015-06-29,
2150000,2200000,69.5,3,2015-06-25,
2450000,2500000,69.5,3,2015-06-25,
2150000,2350000,67,3,2015-06-24,
2350000,2550000,62.9,2.5,2015-06-23,
1995000,2540000,34.7,1,2015-06-18,
2495000,2600000,66,3,2015-06-18,
6750000,6750000,131,5,2015-06-18,
6850000,6850000,137,5,2015-06-18,
2095000,2400000,70,3,2015-06-17,
2195000,2450000,78.1,3,2015-06-17,
4750000,5350000,105,4,2015-06-17,
3195000,3147500,74,3,2015-06-17,
2750000,2925000,78,4,2015-06-16,
6750000,7450000,124,5,2015-06-16,
16500000,16500000,202,7,2015-06-16,
3800000,4240000,91,4,2015-06-12,
2490000,2910000,66,2,2015-06-12,
1550000,1600000,30,1,2015-06-12,
3195000,3570000,91.3,4,2015-06-12,
3375000,4000000,95,4,2015-06-12,
2655000,2800000,59,3,2015-06-12,
10075000,10075000,263,9,2015-06-12,
2995000,3700000,78,3,2015-06-12,
NaN,2830000,46,2,2015-06-12,
1725000,2140000,64.6,2,2015-06-12,
1495000,1660000,29.5,1,2015-06-11,
3975000,4850000,84,3,2015-06-11,
4750000,4750000,96,2,2015-06-11,
1195000,1350000,20,1,2015-06-10,
1995000,2350000,58,2,2015-06-10,
1695000,1875000,40.3,1,2015-06-10,
2295000,2550000,57,2,2015-06-09,
9750000,10020000,193,6,2015-06-09,
1495000,1850000,36,1,2015-06-09,
1795000,2000000,31,1.5,2015-06-06,
5875000,4800000,50,3,2015-06-05,
5150000,5500000,133,5,2015-06-05,
5950000,5400000,144,6,2015-06-05,
5800000,5800000,104,4,2015-06-05,
1995000,2150000,40.3,1,2015-06-04,
1650000,1750000,35.1,1,2015-06-04,
2700000,2610000,41,1,2015-06-03,
1625000,1850000,33.2,1,2015-06-03,
2195000,2350000,64.5,2,2015-06-03,
3195000,3075000,70,3,2015-06-02,
4500000,4925000,91,3,2015-05-29,
4250000,4400000,89.3,3,2015-05-28,
2595000,2760000,78.1,3,2015-05-28,
11900000,12500000,222,5,2015-05-28,
1695000,2055000,64.6,2,2015-05-27,
1995000,2000000,60,2,2015-05-27,
2050000,2220000,64.6,2,2015-05-27,
3950000,4560000,91,3,2015-05-26,
10500000,10900000,181,7,2015-05-22,
2695000,2850000,78,4,2015-05-22,
1575000,1740000,33.2,1,2015-05-21,
3695000,4650000,93,4,2015-05-21,
5750000,6300000,133,7,2015-05-20,
1995000,2350000,53.5,2,2015-05-20,
1495000,1700000,29.5,1,2015-05-20,
4150000,4250000,86,3,2015-05-19,
3800000,3800000,64,2,2015-05-18,
2495000,2700000,80,3,2015-05-18,
4495000,4800000,83,3,2015-05-18,
3395000,3760000,91.3,4,2015-05-17,
2695000,3050000,80,3,2015-05-15,
2295000,2410000,64.6,2,2015-05-15,
2875000,3100000,53.7,2,2015-05-13,
4450000,5200000,104,4,2015-05-13,
4495000,5000000,75,3,2015-05-13,
8950000,11000000,144,7,2015-05-13,
2495000,2630000,75,3,2015-05-13,
2750000,3100000,53.7,2,2015-05-13,
2650000,2700000,66.5,3,2015-05-13,
1450000,1870000,34,2,2015-05-13,
6925000,7100000,99,4,2015-05-13,
11250000,11000000,170,6,2015-05-13,
2495000,2665000,78.1,3,2015-05-12,
7450000,8000000,158,7,2015-05-12,
2595000,2830000,72,3,2015-05-12,
1895000,2350000,50.1,2,2015-05-12,
2495000,2700000,76,3,2015-05-10,
3795000,3800000,91,4,2015-05-10,
3650000,4630000,102.5,4.5,2015-05-10,
7950000,7850000,165,6,2015-05-09,
7950000,8300000,144,5,2015-05-09,
3300000,3300000,69,3,2015-05-09,
9250000,9400000,205,8,2015-05-08,
2395000,2500000,69.5,3,2015-05-08,
4990000,5450000,146.5,6,2015-05-08,
2275000,2505000,57,2,2015-05-07,
2375000,2630000,69.5,3,2015-05-07,
2495000,2830000,46,2,2015-05-07,
6000000,6000000,115,3,2015-05-07,
2795000,3100000,69,3,2015-05-07,
1895000,2360000,39,1,2015-05-07,
11500000,11150000,200,7,2015-05-07,
6450000,7610000,133,6,2015-05-06,
2995000,3620000,77,4,2015-05-06,
1795000,1900000,39,1,2015-05-06,
2875000,2975000,49,2,2015-05-06,
1750000,2150000,35,2,2015-05-05,
2900000,3370000,55.5,2,2015-05-05,
1995000,2250000,69.5,3,2015-05-04,
3100000,3100000,53,2,2015-05-03,
2500000,2700000,78,3,2015-05-01,
10400000,10400000,161,5,2015-04-30,
1995000,2250000,38.5,1,2015-04-30,
3550000,3950000,77,3,2015-04-29,
2650000,2600000,69.5,3,2015-04-29,
2495000,2900000,78,4,2015-04-29,
1950000,2300000,52,2,2015-04-29,
3275000,3175000,74,4,2015-04-29,
9250000,9400000,249,7,2015-04-29,
2795000,2650000,72.7,3,2015-04-28,
5150000,6425000,133,5,2015-04-28,
7750000,7500000,130,6,2015-04-26,
3995000,4100000,108.5,5,2015-04-23,
1650000,1920000,39.5,1,2015-04-23,
2650000,3675000,56.5,2,2015-04-22,
1495000,1960000,40.3,1,2015-04-22,
2795000,2750000,72,3,2015-04-22,
2595000,3110000,75.5,3,2015-04-22,
3595000,3595000,92.5,4,2015-04-21,
6750000,7000000,159.4,5,2015-04-21,
2095000,2420000,42,2,2015-04-21,
8950000,8700000,233,9,2015-04-20,
4975000,5700000,103,4,2015-04-20,
1795000,1925000,28.2,1,2015-04-18,
2595000,2650000,54,2,2015-04-18,
5950000,6800000,128,6,2015-04-18,
6900000,7260000,169,7,2015-04-17,
1750000,2070000,49.2,2,2015-04-16,
4500000,4400000,102,4,2015-04-16,
2495000,2450000,59,3,2015-04-15,
5250000,5450000,104,3,2015-04-15,
3650000,3700000,57,3,2015-04-15,
1500000,1800000,29.5,1,2015-04-14,
2250000,2400000,62.9,2,2015-04-14,
2595000,2595000,75,3,2015-04-14,
2500000,3200000,50.6,2,2015-04-13,
3350000,3500000,85,3,2015-04-11,
1600000,1700000,39,1,2015-04-07,
2975000,3550000,66,2,2015-04-06,
2150000,2325000,67,3,2015-04-03,
3100000,3050000,78.4,3,2015-04-03,
2500000,2850000,62,3,2015-04-02,
1995000,2220000,64.6,2,2015-04-02,
2690000,2690000,78,3,2015-03-31,
6260000,6260000,149.5,4,2015-03-28,
3600000,3600000,77.5,3,2015-03-27,
2375000,2450000,69.5,3,2015-03-27,
4800000,5310000,145.5,6,2015-03-27,
5030000,5030000,85,3,2015-03-26,
2600000,2450000,48.7,2,2015-03-26,
13900000,15000000,230,7,2015-03-26,
3650000,3650000,89,4,2015-03-26,
2395000,2875000,54,2,2015-03-26,
1495000,1680000,30,1,2015-03-25,
2300000,2340000,67,3,2015-03-25,
2380000,2380000,39,1,2015-03-24,
1795000,2000000,52,2,2015-03-24,
1950000,2110000,47,2,2015-03-23,
4100000,4350000,94,4,2015-03-23,
5950000,7350000,133,6,2015-03-21,
2050000,2370000,42,1,2015-03-20,
2750000,2700000,73,3,2015-03-20,
3630000,3720000,80.2,3,2015-03-19,
7950000,9400000,114,4,2015-03-19,
2495000,2760000,78,3,2015-03-18,
6795000,7675000,131,4,2015-03-18,
8750000,11300000,161,5,2015-03-18,
1495000,1550000,28,1,2015-03-18,
7450000,8325000,125,5,2015-03-18,
3700000,4000000,98,5,2015-03-16,
1795000,2200000,39,1,2015-03-15,
1950000,2305000,37,1,2015-03-13,
3695000,3950000,102,4.5,2015-03-13,
2495000,2450000,59,3,2015-03-13,
12900000,13490000,174,6,2015-03-13,
1995000,2320000,42,2,2015-03-11,
2450000,2725000,53,2,2015-03-11,
2495000,2760000,66,2,2015-03-10,
2395000,2275000,63,3,2015-03-09,
3150000,3540000,70.7,3,2015-03-05,
1995000,2475000,59,3,2015-03-04,
4650000,5575000,91.5,4,2015-03-04,
1900000,2300000,64.6,2,2015-03-04,
1995000,2250000,60,2,2015-03-04,
12500000,12200000,304,8,2015-03-04,
4500000,5000000,104,4,2015-03-03,
9900000,10200000,185,8,2015-02-27,
2495000,2865000,50.6,2,2015-02-26,
1550000,1900000,36.1,1,2015-02-25,
1995000,2500000,57,2,2015-02-24,
8500000,9400000,171,7,2015-02-24,
3350000,3950000,69,3,2015-02-24,
2495000,2650000,78,3,2015-02-24,
2395000,2650000,55,2,2015-02-20,
2695000,2695000,66,3,2015-02-19,
5800000,5800000,108,5,2015-02-19,
7995000,7620000,127,5,2015-02-19,
4695000,5300000,125,5,2015-02-19,
2995000,2900000,88,3,2015-02-18,
2000000,2200000,60,2,2015-02-18,
1295000,1500000,26,1,2015-02-17,
3795000,3675000,74,3,2015-02-17,
5450000,6400000,108,5,2015-02-17,
5995000,5900000,112.5,4,2015-02-16,
1350000,1375000,19,1,2015-02-14,
7350000,7925000,135,5,2015-02-13,
17500000,18200000,249,7,2015-02-13,
7600000,8500000,133,5,2015-02-12,
2450000,2800000,77.5,3,2015-02-12,
6750000,7850000,118,5,2015-02-11,
3495000,3410000,78,3,2015-02-11,
2400000,2710000,78.1,3,2015-02-11,
7200000,8150000,188,5,2015-02-11,
2000000,2075000,58,2,2015-02-10,
2495000,2850000,80,3,2015-02-10,
2300000,2300000,49,1,2015-02-09,
2350000,2350000,69,3,2015-02-06,
3950000,4150000,84,4,2015-02-06,
6500000,6600000,115,3,2015-02-06,
1775000,2050000,24.6,1,2015-02-06,
5100000,5500000,120,4,2015-02-05,
1995000,2370000,64.6,3,2015-02-05,
5975000,7000000,126,3,2015-02-05,
2975000,2930000,61,2,2015-02-04,
3295000,3725000,77,4,2015-02-03,
1750000,2100000,41,1,2015-02-03,
1950000,1950000,49,1.5,2015-02-03,
5495000,5650000,110,4,2015-02-03,
2845000,2845000,74,4,2015-02-02,
2250000,2720000,48.7,2,2015-02-01,
1895000,2050000,58,2,2015-01-30,
2175000,2175000,64.6,2,2015-01-29,
2450000,2650000,69.5,3,2015-01-29,
6195000,6100000,104,4,2015-01-28,
2350000,2350000,39.4,1,2015-01-28,
2450000,2650000,63.3,2,2015-01-28,
2575000,2575000,61,3,2015-01-28,
1950000,1975000,57.7,2,2015-01-27,
1875000,2100000,59,2,2015-01-27,
4750000,4750000,139,5,2015-01-25,
3750000,3800000,78.7,3,2015-01-24,
1995000,2100000,54,2,2015-01-24,
2195000,2145000,64.3,2,2015-01-23,
2500000,2900000,58.1,2.5,2015-01-23,
5950000,6750000,129,5,2015-01-22,
6800000,6800000,123,4,2015-01-22,
4525000,4930000,102,3,2015-01-22,
5750000,6200000,109.5,4,2015-01-22,
5625000,6750000,152,7,2015-01-21,
3995000,3995000,73,3,2015-01-21,
2195000,2500000,46.5,2,2015-01-20,
1975000,2000000,41,1,2015-01-20,
1895000,2040000,64.6,2,2015-01-20,
2350000,2350000,78.1,3,2015-01-20,
1850000,2010000,52,2,2015-01-19,
3100000,3270000,94.5,4,2015-01-16,
5495000,5925000,111,5,2015-01-15,
1650000,2150000,37.5,1,2015-01-15,
1895000,1950000,41,2,2015-01-10,
2950000,2950000,59,3,2015-01-08,
2395000,2600000,60,2,2015-01-08,
2350000,2450000,59.5,2,2015-01-07,
2500000,2700000,56.5,2,2014-12-19,
3400000,3400000,61.9,2,2014-12-19,
2495000,2450000,77.5,3,2014-12-19,
2525000,2525000,64,3,2014-12-17,
1875000,2050000,64.6,2,2014-12-15,
5250000,5300000,120,5,2014-12-14,
2450000,2600000,78,3,2014-12-13,
1250000,1425000,19,1,2014-12-12,
NaN,1725000,33.2,1,2014-12-12,
1500000,1770000,28,1,2014-12-11,
1900000,1950000,64.6,2,2014-12-11,
1550000,1700000,26,1,2014-12-10,
2295000,2295000,72,3,2014-12-10,
2395000,2395000,69,3,2014-12-09,
1995000,2000000,53.5,2,2014-12-08,
2950000,3250000,78.2,3,2014-12-06,
9500000,9100000,160,8,2014-12-02,
1895000,1895000,58,2,2014-12-02,
5995000,6100000,131,4,2014-12-02,
2795000,2795000,70,3,2014-11-28,
1475000,1725000,33.2,1,2014-11-28,
2150000,2200000,52,2,2014-11-28,
4695000,4900000,90,4,2014-11-28,
1695000,1695000,64.4,2,2014-11-28,
2500000,2450000,64,3,2014-11-27,
11900000,12100000,158,7,2014-11-27,
5975000,6000000,131,5,2014-11-26,
2695000,2695000,72,3,2014-11-26,
4950000,5100000,120,5,2014-11-25,
3695000,3695000,112.5,4,2014-11-24,
3475000,3710000,100,3,2014-11-24,
5250000,5500000,95,5,2014-11-24,
2750000,2570000,61,2,2014-11-21,
6950000,7825000,148,7,2014-11-20,
2445000,2445000,59,3,2014-11-20,
2195000,2900000,78.3,4,2014-11-20,
2395000,2475000,64.6,3,2014-11-20,
2475000,2550000,78,3,2014-11-19,
1950000,2000000,42,2,2014-11-19,
1195000,1195000,26,1,2014-11-19,
2250000,2550000,53,2,2014-11-18,
1550000,2050000,30,1,2014-11-17,
10750000,11100000,195,7,2014-11-17,
8400000,9100000,72,5,2014-11-15,
2300000,2500000,72.7,3,2014-11-14,
2400000,2600000,74.5,3,2014-11-14,
2150000,2150000,64.5,2,2014-11-11,
3100000,3100000,65,2,2014-11-11,
1975000,2520000,69.5,3,2014-11-11,
3675000,3675000,71,3,2014-11-10,
2950000,3025000,84,3,2014-11-06,
10900000,10400000,204,8,2014-11-05,
4950000,5400000,119,5,2014-11-05,
2600000,2600000,77.5,3,2014-11-04,
6450000,6500000,113,4,2014-11-03,
4100000,4400000,112,4,2014-11-02,
2795000,2750000,92.4,4,2014-11-01,
2450000,2800000,55.6,2,2014-10-31,
3100000,3100000,76,3,2014-10-31,
6175000,6175000,118,5,2014-10-30,
2095000,2150000,64.6,2,2014-10-30,
1990000,1980000,62.9,2,2014-10-30,
6100000,6000000,134,6,2014-10-30,
4500000,4500000,104,4,2014-10-30,
2295000,2350000,78.1,3,2014-10-29,
2150000,2350000,41,1,2014-10-29,
3500000,3950000,91,4,2014-10-28,
2295000,2500000,66,2,2014-10-28,
5250000,5700000,115.5,4,2014-10-28,
4600000,5110000,111,4,2014-10-28,
7500000,8450000,160,8,2014-10-26,
5400000,5325000,129,4,2014-10-25,
2575000,2537500,77.5,3,2014-10-25,
2800000,3200000,72,3,2014-10-23,
5600000,6330000,108,6,2014-10-22,
1650000,1900000,44.5,2,2014-10-22,
12300000,12300000,158,5,2014-10-22,
1550000,1600000,35.1,1,2014-10-22,
3595000,3535000,93,3,2014-10-21,
4695000,4695000,98.5,4,2014-10-21,
3150000,3150000,87,4.5,2014-10-17,
5250000,4800000,144,5,2014-10-17,
3490000,3940000,94,4,2014-10-17,
1975000,2250000,41,1.5,2014-10-17,
2050000,2550000,56,2.5,2014-10-16,
1670000,1670000,20,1,2014-10-16,
1750000,2300000,41.5,1.5,2014-10-15,
2095000,2200000,64.6,2,2014-10-15,
1995000,2350000,55,2,2014-10-15,
1795000,2040000,54,2,2014-10-15,
1195000,1730000,32.3,1,2014-10-15,
1695000,2050000,58.5,2,2014-10-14,
3200000,3200000,81,3,2014-10-14,
2450000,2675000,55,2,2014-10-10,
3350000,3600000,98,4,2014-10-10,
3300000,3150000,101.7,3,2014-10-07,
1550000,1950000,54,1,2014-10-07,
5500000,6250000,NaN,NaN,2014-10-07,
2550000,2550000,78,3,2014-10-06,
6350000,6350000,122,3,2014-10-06,
1950000,2125000,60.5,2,2014-10-04,
2745000,2745000,77,3,2014-10-01,
1995000,2200000,78.1,3,2014-10-01,
2350000,2650000,64,3,2014-10-01,
12500000,11300000,182.3,8,2014-09-30,
1525000,1775000,32,2,2014-09-30,
22000000,21500000,230,8,2014-09-29,
2450000,2325000,70,3,2014-09-29,
5150000,5700000,90,3.5,2014-09-28,
2175000,2175000,53,2,2014-09-27,
2250000,2525000,53.7,2,2014-09-26,
2295000,2735000,69,3,2014-09-26,
1350000,1300000,19,1,2014-09-26,
1950000,2300000,46,1.5,2014-09-26,
1495000,1610000,36.1,1,2014-09-25,
3750000,3900000,97,4,2014-09-25,
6800000,6800000,159.4,5,2014-09-25,
7750000,7000000,159,6,2014-09-24,
1595000,1910000,58,2,2014-09-24,
2450000,2500000,78.1,3,2014-09-24,
1395000,1700000,39,1,2014-09-23,
1875000,2310000,43,1,2014-09-23,
3975000,4100000,99,5,2014-09-22,
3695000,3550000,101.7,4,2014-09-22,
11500000,10500000,200,8,2014-09-21,
1450000,1800000,34,1,2014-09-20,
2295000,2800000,53.5,2,2014-09-20,
1695000,2100000,38.5,1,2014-09-19,
4125000,3750000,92,4,2014-09-19,
11600000,11600000,164,6,2014-09-19,
1695000,2170000,54.5,2,2014-09-16,
4495000,4495000,84,3,2014-09-16,
7100000,7535000,145,7,2014-09-15,
4900000,5550000,87,4,2014-09-14,
1875000,2075000,43,1,2014-09-12,
2275000,2490000,63.3,2,2014-09-12,
2050000,2250000,62,2,2014-09-11,
17000000,22400000,378,12,2014-09-10,
2195000,2250000,64,2,2014-09-10,
2850000,3450000,78,4,2014-09-08,
6550000,6550000,125,6,2014-09-08,
2100000,2200000,48,2,2014-09-05,
1250000,1450000,28,1,2014-09-05,
6250000,6650000,151,6,2014-09-05,
3900000,3750000,80,2,2014-09-04,
5900000,5725000,170,7,2014-09-04,
1900000,2100000,60,2,2014-09-03,
5450000,5450000,118,4,2014-09-03,
1695000,2110000,40,1.5,2014-09-03,
8850000,8850000,225,8,2014-09-02,
1950000,2000000,57,2,2014-09-02,
3850000,3800000,84,3,2014-09-02,
3100000,3600000,89.5,4,2014-09-02,
1595000,1750000,44,1.5,2014-09-01,
3850000,3900000,86,3,2014-08-31,
1995000,2320000,57,2,2014-08-28,
3800000,3725000,84,4,2014-08-27,
1975000,1850000,60.7,2,2014-08-27,
2400000,2300000,81.2,3,2014-08-27,
2595000,2545000,92.4,4,2014-08-27,
3995000,3900000,102,5,2014-08-27,
2495000,2500000,75,3,2014-08-27,
1850000,1850000,58,2,2014-08-26,
5995000,5995000,104,4,2014-08-25,
1375000,1575000,20,1,2014-08-23,
2700000,2550000,76.5,3,2014-08-22,
5495000,6500000,107,5,2014-08-22,
1550000,1775000,28,1,2014-08-22,
2350000,2650000,55,2,2014-08-21,
1595000,1595000,39.5,1,2014-08-20,
1750000,1950000,40.3,1,2014-08-19,
1350000,1565000,39,1,2014-08-19,
1275000,1540000,26.5,1,2014-08-19,
2925000,3050000,69,3,2014-08-15,
3950000,4400000,104.5,4.5,2014-08-15,
2995000,2995000,77,3,2014-08-14,
2295000,2600000,53,2,2014-08-13,
1995000,2080000,49,2,2014-08-13,
1750000,1810000,59,2,2014-08-13,
1895000,2050000,57.7,2,2014-08-12,
2300000,2400000,63.3,2,2014-08-09,
3595000,3500000,86,4,2014-08-07,
1395000,1975000,31.7,1,2014-08-06,
2495000,2495000,66,3,2014-08-06,
2650000,2650000,75.5,3,2014-08-04,
1795000,2000000,42,2,2014-08-01,
1850000,2050000,48,2,2014-07-30,
1750000,1870000,69,3,2014-07-29,
2495000,2600000,78.1,3,2014-07-17,
1995000,2400000,78.1,3,2014-07-16,
8200000,8300000,178,6,2014-07-13,
1900000,1920000,60,2,2014-07-04,
2200000,2350000,50,2,2014-07-03,
5950000,6500000,124,7,2014-07-03,
1795000,2030000,52,2,2014-07-03,
1450000,1620000,29,1,2014-07-03,
1775000,1850000,59,2,2014-07-01,
6475000,6575000,87,5,2014-06-29,
1375000,1500000,18,1,2014-06-27,
1270000,1270000,25.5,1,2014-06-26,
1595000,1950000,54.5,2,2014-06-26,
8000000,8000000,145,5,2014-06-26,
3175000,3330000,78,3,2014-06-25,
2595000,2550000,63,2,2014-06-25,
1300000,1495000,33.2,1,2014-06-24,
5750000,5400000,119,4,2014-06-22,
1875000,2125000,43,1,2014-06-19,
2350000,2300000,63.3,2,2014-06-19,
1795000,1900000,42,2,2014-06-18,
3850000,4000000,107.5,4,2014-06-18,
2595000,2575000,78.6,3,2014-06-18,
2375000,2375000,68,3,2014-06-17,
1750000,1850000,42,2,2014-06-17,
2250000,2300000,75,3,2014-06-16,
8875000,9200000,185,8,2014-06-16,
1675000,1700000,64.6,2,2014-06-13,
5300000,5300000,126,5,2014-06-13,
5850000,6000000,125,5,2014-06-12,
2250000,2220000,78.1,3,2014-06-11,
3195000,3225000,78,3,2014-06-10,
2275000,2275000,78,4,2014-06-10,
1895000,2050000,61.6,2,2014-06-10,
2250000,2200000,70,3,2014-06-10,
5850000,5925000,134,5,2014-06-10,
2550000,2550000,72,3,2014-06-09,
2700000,2950000,87,4,2014-06-09,
3675000,3850000,88,3.5,2014-06-08,
6600000,6600000,126,4,2014-06-06,
6600000,6700000,142,6,2014-06-06,
3150000,3150000,77,3,2014-06-05,
1775000,1650000,52,2,2014-06-05,
6400000,6400000,117,6,2014-06-05,
15000000,15000000,184,8,2014-06-04,
1495000,1490000,26.5,1,2014-06-04,
1800000,1800000,58,2,2014-06-04,
1795000,2175000,59.5,2,2014-06-04,
2900000,2850000,91.3,4,2014-06-04,
2350000,2360000,75,3,2014-06-04,
6000000,5925000,131,4,2014-06-03,
11500000,11500000,214,8,2014-06-03,
8550000,8550000,171,NaN,2014-06-03,
4950000,5100000,104,4,2014-06-02,
2195000,2195000,76,3,2014-05-31,
2100000,2100000,69.5,3,2014-05-30,
2095000,2175000,60,2,2014-05-30,
2325000,2325000,66,2.5,2014-05-30,
6750000,6950000,125,6,2014-05-28,
2495000,2495000,73,3,2014-05-28,
1795000,1700000,64.6,2,2014-05-28,
1750000,1960000,40,1.5,2014-05-26,
2950000,3350000,92.5,4,2014-05-26,
1825000,1900000,59.5,2,2014-05-24,
2900000,2900000,78.3,3,2014-05-23,
2000000,2125000,49,2,2014-05-22,
6500000,6300000,125,4,2014-05-22,
3900000,4400000,84.1,4,2014-05-22,
1375000,1520000,35,1,2014-05-21,
2475000,2400000,81.2,3,2014-05-21,
5500000,6700000,NaN,NaN,2014-05-21,
1350000,1355000,28,1.5,2014-05-21,
1595000,1770000,58,2,2014-05-20,
1575000,1675000,41,1,2014-05-20,
1395000,1540000,36.1,1,2014-05-20,
6900000,7000000,158,5,2014-05-19,
3495000,3350000,93,4,2014-05-19,
3495000,3450000,101.7,4,2014-05-19,
2495000,2520000,78.1,3,2014-05-18,
6500000,7100000,99,4,2014-05-17,
1295000,1395000,39,1,2014-05-17,
7500000,7660000,180,5,2014-05-16,
2500000,2475000,80,3,2014-05-13,
2350000,2500000,53,2,2014-05-13,
1650000,1800000,49,2,2014-05-13,
1795000,1795000,56,2,2014-05-12,
2095000,2170000,54.5,2,2014-05-10,
5950000,6000000,117,5,2014-05-10,
2050000,1850000,55,2,2014-05-08,
2145000,2130000,59.5,2,2014-05-08,
4800000,4925000,89,3,2014-05-07,
1650000,1750000,39,1,2014-05-07,
6600000,6100000,125,7,2014-05-07,
3175000,3175000,75,3,2014-05-07,
1695000,1890000,58,2,2014-05-06,
2695000,2650000,99,2.5,2014-05-05,
2100000,2050000,53,2,2014-05-02,
2295000,2380000,74.9,3,2014-05-02,
1700000,1650000,62.5,2,2014-04-30,
1875000,2340000,39,1,2014-04-30,
2250000,2050000,62.5,2,2014-04-26,
2995000,3330000,98,4,2014-04-25,
1395000,1500000,29,1,2014-04-25,
1850000,1950000,61.1,2,2014-04-25,
1595000,1523225,30,1,2014-04-25,
1195000,1500000,33.2,1,2014-04-24,
1750000,1750000,42,2,2014-04-23,
5850000,5900000,135,5,2014-04-23,
3200000,3120000,72,3,2014-04-18,
1950000,2050000,69.5,3,2014-04-17,
1900000,2000000,69.5,3,2014-04-16,
8000000,8100000,219,7,2014-04-15,
6450000,6550000,171,6,2014-04-15,
1685000,1500000,35,2,2014-04-12,
8475000,7500000,198,10,2014-04-11,
6995000,7300000,160,7,2014-04-11,
2595000,2680000,77.8,3,2014-04-11,
2650000,2900000,78.1,4,2014-04-11,
1695000,1690000,41,1,2014-04-09,
2750000,2810000,78,4,2014-04-09,
1350000,1510000,58,2,2014-04-08,
2250000,2100000,56,2,2014-04-06,
2595000,2725000,91.3,4,2014-04-04,
5900000,6650000,132,5,2014-04-04,
2295000,2500000,48.7,2,2014-04-03,
6975000,6750000,162,6,2014-04-03,
2595000,2650000,91.3,4,2014-04-03,
1650000,1810000,42,1,2014-04-02,
1795000,1715000,61,2,2014-04-02,
2295000,2250000,59,2,2014-04-02,
2200000,2150000,64.6,2,2014-04-02,
1300000,1350000,19.8,1,2014-04-02,
2475000,2745000,55.5,2,2014-04-02,
2495000,2650000,77.5,3,2014-04-01,
7950000,8650000,194,7,2014-04-01,
5450000,5700000,61,3,2014-03-31,
18200000,18200000,174,5,2014-03-31,
6000000,6400000,149.5,4,2014-03-28,
1450000,1475000,40.3,1,2014-03-27,
1995000,2050000,61,2,2014-03-26,
1875000,1950000,62.9,2,2014-03-26,
1925000,1900000,59,2,2014-03-25,
2750000,3030000,77.2,3,2014-03-23,
7350000,7350000,148,6,2014-03-21,
6750000,6500000,131,5,2014-03-21,
3500000,3800000,112,4,2014-03-21,
1695000,1800000,58,2,2014-03-21,
1825000,1730000,69.5,3,2014-03-20,
1850000,2100000,41,1,2014-03-20,
1900000,1900000,41,2,2014-03-19,
1750000,1780000,52,2,2014-03-19,
900000,950000,16,1,2014-03-19,
2495000,2495000,65,3,2014-03-17,
2495000,2750000,78.4,4,2014-03-17,
1950000,1900000,63,2,2014-03-14,
3100000,3100000,82,3,2014-03-14,
6900000,6450000,121,4,2014-03-14,
5100000,5500000,108,6,2014-03-13,
1550000,1550000,24.6,1,2014-03-12,
1395000,1750000,60,2,2014-03-12,
3775000,3750000,75,3,2014-03-11,
1950000,2250000,67,3,2014-03-11,
1450000,1560000,58,2,2014-03-11,
1795000,1700000,53.5,2,2014-03-11,
2045000,1850000,64,2,2014-03-11,
2175000,2175000,57,2,2014-03-10,
8000000,8000000,161,6,2014-03-07,
1950000,1900000,62.9,2,2014-03-06,
1495000,1800000,40,1.5,2014-03-06,
2975000,2975000,63,2,2014-03-06,
2795000,2850000,79,3,2014-03-06,
1550000,1750000,37,1.5,2014-03-06,
1825000,2100000,64.6,2,2014-03-04,
2795000,2900000,77,3,2014-03-04,
2395000,2395000,74,3,2014-03-03,
1595000,1700000,30,1,2014-02-28,
2450000,2700000,91,4,2014-02-27,
1950000,1925000,78.1,3,2014-02-27,
2275000,2390000,57,2.5,2014-02-27,
1550000,1680000,50,2,2014-02-26,
1495000,1595000,54.5,2,2014-02-26,
3650000,3650000,98,4,2014-02-26,
1195000,1325000,38.9,1,2014-02-25,
2300000,2350000,45.7,2,2014-02-24,
6950000,7250000,147,5,2014-02-21,
1995000,1995000,60.7,2,2014-02-21,
2395000,2580000,80,3,2014-02-19,
1175000,1175000,26,1,2014-02-18,
1800000,1800000,55,2,2014-02-18,
5950000,5950000,115,4,2014-02-18,
1745000,1745000,54,2,2014-02-18,
2690000,2800000,84,3,2014-02-18,
3295000,3350000,69,3,2014-02-16,
1550000,1780000,43,2,2014-02-14,
1495000,1495000,31,1,2014-02-14,
2530000,2530000,91.3,4,2014-02-13,
2850000,2800000,93,4,2014-02-12,
3200000,3000000,85,3,2014-02-12,
2350000,2700000,55.5,2,2014-02-12,
2395000,2450000,78,3,2014-02-10,
1750000,2100000,36,1.5,2014-02-10,
2850000,2775000,91,2,2014-02-10,
2895000,3250000,70,3,2014-02-07,
2250000,2350000,48,2,2014-02-07,
4500000,4400000,91.5,4,2014-02-06,
2250000,2300000,78,4,2014-02-06,
3600000,3600000,81,3,2014-02-06,
3995000,3900000,125.5,6,2014-02-05,
5475000,5600000,133,5,2014-02-05,
1750000,1750000,64.6,2,2014-02-05,
1995000,1995000,44,2,2014-02-05,
1570000,1570000,59,2,2014-02-04,
2425000,2425000,61.5,3,2014-02-04,
3630000,3850000,110.5,4,2014-02-04,
8800000,8800000,248,8,2014-02-03,
2595000,2800000,76,3,2014-02-01,
2425000,2500000,77,3,2014-01-31,
1650000,1850000,59,2,2014-01-30,
1890000,1890000,68,2,2014-01-30,
2200000,2150000,64,2,2014-01-29,
1975000,1975000,44,2,2014-01-29,
3550000,3900000,93,5,2014-01-27,
4750000,4650000,97,3,2014-01-26,
3275000,3800000,78,2,2014-01-25,
10800000,10900000,190,7,2014-01-24,
1495000,1650000,39,1,2014-01-24,
5995000,6065000,128,6,2014-01-24,
14500000,14000000,212,8,2014-01-24,
2295000,2400000,75,3,2014-01-23,
4000000,4225000,91,3,2014-01-23,
2390000,2425000,53,2,2014-01-22,
1850000,1850000,44,2,2014-01-22,
1595000,1670000,59,2,2014-01-21,
NaN,2070000,78.1,3,2014-01-20,
7500000,8250000,130,4,2014-01-20,
5000000,5050000,118,4,2014-01-19,
1850000,2100000,63,2,2014-01-18,
2195000,2195000,59,3,2014-01-17,
2170000,2170000,66,3,2014-01-17,
1695000,1675000,49,2,2014-01-17,
1850000,1900000,62.9,2,2014-01-15,
2595000,2450000,52.9,2,2014-01-15,
1100000,1315000,19,1,2014-01-14,
2450000,2480000,95.9,4,2014-01-14,
1850000,1950000,78.1,3,2014-01-14,
2200000,2375000,60,2,2014-01-13,
1395000,1425000,59.5,2,2014-01-10,
1870000,1870000,64.6,2,2014-01-09,
1575000,1575000,58,2,2014-01-08,
5195000,5100000,131,5,2014-01-05,
4200000,5750000,95,3,2013-12-16,
7450000,7500000,181,6,2013-12-15,
NaN,2150000,69.5,3,2013-12-15,
3150000,3025000,93.5,4,2013-12-13,
1200000,1410000,37,1,2013-12-11,
1450000,1450000,40.3,1,2013-12-09,
1750000,1750000,60.7,2,2013-12-07,
7300000,7500000,145,4,2013-12-07,
5500000,5550000,111,4,2013-12-07,
6200000,6200000,110,4,2013-12-07,
5100000,5100000,111,5,2013-12-06,
1795000,1795000,69.5,3,2013-12-06,
1850000,1850000,61.1,2,2013-12-05,
2300000,2200000,78.1,3,2013-12-05,
2295000,2295000,59,2,2013-12-05,
13000000,11750000,158,5,2013-12-03,
6250000,5900000,130,6,2013-11-30,
1695000,1875000,55,2,2013-11-29,
1350000,1350000,29,1,2013-11-29,
2895000,2895000,74,3,2013-11-28,
2050000,2235000,52,2,2013-11-28,
1250000,1580000,31.7,1,2013-11-25,
6800000,6550000,155,5,2013-11-23,
2200000,2200000,78.1,3,2013-11-21,
2345000,2345000,59,2,2013-11-20,
2275000,2250000,56.5,2,2013-11-20,
1495000,1500000,28.2,1,2013-11-20,
6295000,6600000,188,5,2013-11-15,
2925000,2945000,63.9,3,2013-11-15,
1695000,1695000,52,2,2013-11-14,
2180000,2180000,77.4,3,2013-11-14,
1850000,1800000,64.3,2,2013-11-13,
1695000,1735000,60,2,2013-11-13,
1980000,2050000,67,3,2013-11-11,
2050000,1960000,78,3,2013-11-11,
4975000,5400000,114,4,2013-11-09,
3495000,3495000,82,3,2013-11-08,
1825000,1860000,53,2,2013-11-08,
6300000,6000000,130,7,2013-11-07,
1095000,1150000,26,1,2013-11-07,
2745000,2745000,74,4,2013-11-06,
4975000,4600000,106,5,2013-11-06,
1800000,1650000,64.3,2,2013-11-04,
2395000,2450000,60,2,2013-11-01,
1725000,1740000,64.4,2,2013-10-30,
1250000,1250000,26,1,2013-10-29,
2350000,2350000,80,4,2013-10-28,
2450000,2425000,63,2,2013-10-25,
2195000,2195000,59,2,2013-10-25,
2850000,3050000,81,3,2013-10-25,
3300000,3310000,70,3.5,2013-10-25,
1300000,1450000,50,2,2013-10-25,
2395000,2350000,85,4,2013-10-24,
1375000,1710000,39,1,2013-10-23,
3900000,4000000,106.5,4,2013-10-22,
2295000,2295000,66,3,2013-10-21,
2345000,2345000,66,2,2013-10-20,
8150000,8150000,161,5,2013-10-18,
9750000,9900000,234,9,2013-10-18,
2295000,2400000,80,3,2013-10-16,
3295000,3295000,77.5,3,2013-10-16,
7400000,7200000,158,5,2013-10-16,
3700000,3825000,75,3,2013-10-15,
5850000,6600000,142.7,4,2013-10-15,
1995000,1950000,69.5,3,2013-10-14,
6500000,7350000,127,4,2013-10-14,
2650000,2575000,80,3,2013-10-14,
2150000,2200000,72,3,2013-10-11,
6750000,6750000,160,6,2013-10-10,
1995000,1970000,69.5,3,2013-10-06,
3475000,4115000,88.4,3,2013-10-04,
2500000,2550000,78,3,2013-10-03,
2050000,2200000,69,3,2013-10-03,
2475000,2475000,70,2,2013-10-02,
1350000,1400000,29,1,2013-10-01,
2095000,2010000,78.1,3,2013-10-01,
2395000,2400000,91,4,2013-09-29,
3695000,3695000,84,4,2013-09-27,
2350000,2375000,55,3,2013-09-27,
1950000,2000000,44,2,2013-09-26,
1595000,1850000,38.5,1,2013-09-26,
7495000,7000000,153,6,2013-09-26,
3300000,3200000,94,4,2013-09-25,
2475000,2725000,62,3,2013-09-25,
10995000,10775000,229,7,2013-09-21,
7500000,7250000,150,7,2013-09-21,
2495000,3250000,88.4,3,2013-09-20,
2495000,2495000,75.5,3,2013-09-20,
2350000,2350000,76,3,2013-09-20,
1395000,1685000,39,1,2013-09-18,
3300000,3300000,77.5,3,2013-09-17,
4850000,4650000,115,4,2013-09-17,
2500000,2350000,54,2,2013-09-16,
3550000,3500000,129,5,2013-09-15,
1600000,1600000,30,1,2013-09-15,
2850000,2900000,86,4,2013-09-14,
1250000,1300000,33.2,1,2013-09-13,
2290000,2350000,78.1,3,2013-09-13,
2950000,2950000,94,4,2013-09-11,
2300000,2400000,92.5,4,2013-09-11,
3200000,3000000,77.5,3,2013-09-11,
1895000,2150000,59.5,2,2013-09-11,
2700000,2660000,80,3,2013-09-08,
1350000,1400000,40.3,1,2013-09-08,
1795000,2150000,60,2,2013-09-03,
2550000,2550000,71,3,2013-09-02,
1795000,2000000,48,1,2013-09-02,
9675000,9300000,215,6,2013-08-31,
2395000,2100000,55,2,2013-08-30,
1295000,1305000,44.4,1,2013-08-28,
1595000,1730000,41,1,2013-08-28,
3150000,3100000,69,3,2013-08-27,
1675000,1775000,57,2,2013-08-26,
3575000,3600000,81,3,2013-08-26,
2440000,2440000,53,2,2013-08-25,
1575000,1690000,59,3,2013-08-23,
2895000,2950000,92.5,4,2013-08-20,
2295000,2295000,59,2,2013-08-20,
1925000,2175000,59.5,3,2013-08-15,
1750000,1750000,53,2,2013-08-15,
2345000,2345000,59,3,2013-08-14,
3895000,3200000,124,5,2013-08-13,
1595000,1825000,41,1,2013-08-10,
1750000,1820000,64.4,2,2013-08-07,
1250000,1250000,39,1,2013-08-07,
2250000,2350000,54.5,2,2013-08-07,
1880000,1860000,78.1,3,2013-07-24,
1745000,1745000,42,2,2013-07-23,
1295000,1445000,57,2,2013-07-22,
3195000,3195000,91,4,2013-07-19,
4300000,4200000,103,3,2013-07-17,
2195000,2100000,52.6,2,2013-07-11,
1695000,1645000,42,2,2013-07-11,
3375000,3200000,77.5,3,2013-07-10,
2395000,2395000,77,3,2013-07-01,
3975000,3900000,125.5,5.5,2013-06-28,
1495000,1495000,64.6,2,2013-06-28,
7495000,8050000,128,6,2013-06-24,
3175000,3260000,91,4,2013-06-20,
4995000,4995000,31,NaN,2013-06-20,
4495000,4475000,109,NaN,2013-06-17,
3850000,3700000,91,4,2013-06-17,
2275000,2160000,75,3,2013-06-16,
1950000,1950000,53,2,2013-06-13,
1800000,1800000,60,2,2013-06-13,
2275000,2410000,52,2,2013-06-12,
2150000,2300000,69.5,3,2013-06-12,
2595000,2595000,81,3,2013-06-12,
2475000,2380000,92.4,4,2013-06-12,
8500000,8750000,171,6,2013-06-12,
6100000,6100000,131,4,2013-06-07,
6500000,5925000,123,5,2013-06-07,
6700000,6950000,105,4,2013-06-07,
1295000,1330000,32.5,1,2013-06-05,
2450000,2375000,74,3,2013-06-04,
1995000,2100000,54,2,2013-05-31,
3200000,3500000,101.7,4,2013-05-31,
2175000,2175000,60,2,2013-05-30,
1550000,1730000,57,2,2013-05-29,
1895000,1850000,62.9,2,2013-05-28,
2950000,3205000,77,4,2013-05-28,
1395000,1400000,58,2,2013-05-28,
2575000,2500000,86,4,2013-05-27,
4750000,4900000,109,4,2013-05-23,
2395000,2395000,78.3,3.5,2013-05-23,
4995000,5000000,125,5,2013-05-23,
2495000,2650000,63,3,2013-05-22,
1800000,1900000,78.1,3,2013-05-21,
7800000,7825000,200,7,2013-05-17,
2175000,2125000,78,3,2013-05-16,
1250000,1420000,29,1,2013-05-15,
2745000,2745000,NaN, ,2013-05-14,
2995000,2995000,76,3,2013-05-13,
1475000,1400000,34.5,1,2013-05-13,
1695000,1695000,42,2,2013-05-13,
1395000,1440000,38,1,2013-05-11,
1050000,1190000,39,1,2013-05-10,
2250000,2250000,62,2,2013-05-10,
2495000,2300000,78.3,3,2013-05-08,
2200000,2375000,77.5,3,2013-05-08,
995000,1270000,26,1,2013-04-30,
1250000,1250000,39,1,2013-04-30,
1375000,1400000,44,2,2013-04-30,
2100000,2050000,78,4,2013-04-28,
3400000,3500000,110,4,2013-04-26,
4750000,4590000,111,4,2013-04-26,
2195000,2540000,77.5,3,2013-04-25,
3300000,3300000,91,4,2013-04-24,
4500000,4450000,103,3,2013-04-23,
1745000,1745000,42,2,2013-04-22,
1695000,1695000,42,2,2013-04-17,
1950000,2000000,78,3,2013-04-17,
1850000,1925000,78.1,3,2013-04-06,
1450000,1600000,50,2,2013-04-05,
3630000,3630000,110,4,2013-03-26,
2245000,2245000,NaN, ,2013-03-26,
2245000,2245000,NaN, ,2013-03-26,
6100000,6100000,131,5,2013-03-25,
1850000,1850000,67,3,2013-03-25,
2695000,2695000,75,3,2013-03-21,
2450000,2625000,72,3,2013-03-20,
2050000,2200000,81,3,2013-03-20,
850000,900000,26,1,2013-03-19,
1925000,1945000,78.1,3,2013-03-18,
1600000,1600000,61.6,2,2013-03-15,
1600000,1650000,62.5,2,2013-03-15,
8450000,8050000,280,8,2013-03-14,
2045000,2300000,74.5,3,2013-03-14,
1150000,1320000,41,1,2013-03-11,
8600000,8850000,NaN, ,2013-03-10,
11450000,11450000,237,7,2013-03-06,
2545000,2900000,72,3,2013-03-06,
1675000,1900000,52,2,2013-03-05,
1695000,1695000,64.6,2,2013-03-04,
1495000,1475000,29,2,2013-03-01,
2750000,2750000,69,2.5,2013-02-28,
2275000,2275000,52.3,2,2013-02-28,
2050000,2050000,75.2,3,2013-02-22,
2250000,2250000,72,3,2013-02-22,
2495000,2495000,NaN, ,2013-02-21,
1495000,1495000,43,2,2013-02-20,
2795000,2795000,74,3,2013-02-19,
1895000,1975000,46,2,2013-02-19,
1795000,1795000,NaN, ,2013-02-15,
1850000,2210000,NaN, ,2013-02-14,
1775000,1775000,NaN, ,2013-02-13,
2495000,2550000,77,2,2013-02-12,
1695000,1695000,NaN, ,2013-02-10,
1925000,1925000,69.5,3,2013-02-08,
1745000,1745000,NaN, ,2013-02-08,
1525000,1500000,52.5,2,2013-02-08,
1775000,1875000,57.5,2,2013-02-07,
5200000,5000000,NaN, ,2013-02-06,
1495000,1450000,NaN, ,2013-02-03,
7600000,7200000,180,7,2013-02-02,
2195000,2150000,75,3,2013-02-01,
1825000,1800000,69.5,3,2013-01-31,
1625000,1625000,NaN, ,2013-01-30,
2750000,2445000,69,3,2013-01-28,
1950000,1850000,NaN, ,2013-01-28,
5075000,5075000,NaN, ,2013-01-28,
2250000,2265000,73,3,2013-01-26,
2250000,2250000,NaN, ,2013-01-24,
1995000,1995000,NaN, ,2013-01-21,
3895000,3895000,116,4.5,2013-01-18,
1895000,1980000,44,2,2013-01-16,
4250000,4275000,112.5,5,2013-01-15,
1645000,1645000,NaN, ,2013-01-11,
1695000,1695000,NaN, ,2013-01-11,
1395000,1410000,NaN, ,2013-01-09,
2295000,3025000,NaN, ,2013-01-09,
1645000,1645000,NaN, ,2012-12-20,
2250000,2250000,NaN, ,2012-12-14,
1050000,1250000,NaN, ,2012-12-04,
3600000,3600000,NaN, ,2012-11-27,
4450000,4450000,NaN, ,2012-11-26,
1645000,1645000,NaN, ,2012-11-09,
1595000,1595000,NaN, ,2012-11-08,
1495000,1495000,NaN, ,2012-10-31,
1800000,1800000,NaN, ,2012-10-26,
1600000,1575000,61.6,2,2012-05-31,
